TableName,IndexName,partition_number,BoundaryFrom,RowsInPartition
CardTransaction,PK_CardTransaction,1,NULL,0
CardTransaction,PK_CardTransaction,2,20240201,0
CardTransaction,PK_CardTransaction,3,20240301,0
CardTransaction,PK_CardTransaction,4,20240401,0
CardTransaction,PK_CardTransaction,5,20240501,0
CardTransaction,PK_CardTransaction,6,20240601,0
CardTransaction,PK_CardTransaction,7,20240701,0
CardTransaction,PK_CardTransaction,8,20240801,0
CardTransaction,PK_CardTransaction,9,20240901,0
CardTransaction,PK_CardTransaction,10,20241001,0
CardTransaction,PK_CardTransaction,11,20241101,0
CardTransaction,PK_CardTransaction,12,20241201,0
CardTransaction,PK_CardTransaction,13,20250101,0
CardTransaction,PK_CardTransaction,14,20250201,0
CardTransaction,PK_CardTransaction,15,20250301,0
CardTransaction,PK_CardTransaction,16,20250401,0
CardTransaction,PK_CardTransaction,17,20250501,0
CardTransaction,PK_CardTransaction,18,20250601,0
CardTransaction,PK_CardTransaction,19,20250701,0
CardTransaction,PK_CardTransaction,20,20250801,0
CardTransaction,PK_CardTransaction,21,20250901,0
CardTransaction,PK_CardTransaction,22,20251001,0
CardTransaction,PK_CardTransaction,23,20251101,0
CardTransaction,PK_CardTransaction,24,20251201,0
CardTransaction,PK_CardTransaction,25,20260101,0
CardTransaction,PK_CardTransaction,26,20260201,0
CardTransaction,PK_CardTransaction,27,20260301,0
CardTransaction,PK_CardTransaction,28,20260401,0
CardTransaction,PK_CardTransaction,29,20260501,0
CardTransaction,PK_CardTransaction,30,20260601,0
CardTransaction,PK_CardTransaction,31,20260701,0
CardTransaction,PK_CardTransaction,32,20260801,0
CardTransaction,PK_CardTransaction,33,20260901,0
CardTransaction,PK_CardTransaction,34,20261001,0
CardTransaction,PK_CardTransaction,35,20261101,0
CardTransaction,PK_CardTransaction,36,20261201,0
CardTransaction,PK_CardTransaction,37,20270101,0
CardTransaction,PK_CardTransaction,38,20270201,0
CardTransaction,PK_CardTransaction,39,20270301,0
CardTransaction,PK_CardTransaction,40,20270401,0
CardTransaction,PK_CardTransaction,41,20270501,0
CardTransaction,PK_CardTransaction,42,20270601,0
CardTransaction,PK_CardTransaction,43,20270701,0
CardTransaction,PK_CardTransaction,44,20270801,0
CardTransaction,PK_CardTransaction,45,20270901,0
CardTransaction,PK_CardTransaction,46,20271001,0
CardTransaction,PK_CardTransaction,47,20271101,0
CardTransaction,PK_CardTransaction,48,20271201,0
CardTransaction,PK_CardTransaction,49,20280101,0
CardTransaction,PK_CardTransaction,50,20280201,0
CardTransaction,PK_CardTransaction,51,20280301,0
CardTransaction,PK_CardTransaction,52,20280401,0
CardTransaction,PK_CardTransaction,53,20280501,0
CardTransaction,PK_CardTransaction,54,20280601,0
CardTransaction,PK_CardTransaction,55,20280701,0
CardTransaction,PK_CardTransaction,56,20280801,0
CardTransaction,PK_CardTransaction,57,20280901,0
CardTransaction,PK_CardTransaction,58,20281001,0
CardTransaction,PK_CardTransaction,59,20281101,0
CardTransaction,PK_CardTransaction,60,20281201,0
CardTransaction,PK_CardTransaction,61,20290101,0
CardTransaction,PK_CardTransaction,62,20290201,0
CardTransaction,PK_CardTransaction,63,20290301,0
CardTransaction,PK_CardTransaction,64,20290401,0
CardTransaction,PK_CardTransaction,65,20290501,0
CardTransaction,PK_CardTransaction,66,20290601,0
CardTransaction,PK_CardTransaction,67,20290701,0
CardTransaction,PK_CardTransaction,68,20290801,0
CardTransaction,PK_CardTransaction,69,20290901,0
CardTransaction,PK_CardTransaction,70,20291001,0
CardTransaction,PK_CardTransaction,71,20291101,0
CardTransaction,PK_CardTransaction,72,20291201,0
MykiPass,IX_MykiPass_PassID,1,NULL,0
MykiPass,PK_MykiPass,1,NULL,0
MykiPass,IX_MykiPass_PassID,2,20250101,0
MykiPass,PK_MykiPass,2,20250101,0
MykiPass,IX_MykiPass_PassID,3,20260101,0
MykiPass,PK_MykiPass,3,20260101,0
MykiPass,IX_MykiPass_PassID,4,20270101,0
MykiPass,PK_MykiPass,4,20270101,0
MykiPass,IX_MykiPass_PassID,5,20280101,0
MykiPass,PK_MykiPass,5,20280101,0
MykiPass,IX_MykiPass_PassID,6,20290101,0
MykiPass,PK_MykiPass,6,20290101,0
MykiPass,IX_MykiPass_PassID,7,20300101,0
MykiPass,PK_MykiPass,7,20300101,0
MykiPass,IX_MykiPass_PassID,8,20310101,0
MykiPass,PK_MykiPass,8,20310101,0
MykiPass,IX_MykiPass_PassID,9,20320101,0
MykiPass,PK_MykiPass,9,20320101,0
MykiPass,IX_MykiPass_PassID,10,20330101,0
MykiPass,PK_MykiPass,10,20330101,0
MykiPass,IX_MykiPass_PassID,11,20340101,0
MykiPass,PK_MykiPass,11,20340101,0
MykiPass,IX_MykiPass_PassID,12,20350101,0
MykiPass,PK_MykiPass,12,20350101,0
Trip,PK_Trip,1,NULL,0
Trip,PK_Trip,2,20240201,0
Trip,PK_Trip,3,20240301,0
Trip,PK_Trip,4,20240401,0
Trip,PK_Trip,5,20240501,0
Trip,PK_Trip,6,20240601,0
Trip,PK_Trip,7,20240701,0
Trip,PK_Trip,8,20240801,0
Trip,PK_Trip,9,20240901,0
Trip,PK_Trip,10,20241001,0
Trip,PK_Trip,11,20241101,0
Trip,PK_Trip,12,20241201,0
Trip,PK_Trip,13,20250101,0
Trip,PK_Trip,14,20250201,0
Trip,PK_Trip,15,20250301,0
Trip,PK_Trip,16,20250401,0
Trip,PK_Trip,17,20250501,0
Trip,PK_Trip,18,20250601,0
Trip,PK_Trip,19,20250701,0
Trip,PK_Trip,20,20250801,0
Trip,PK_Trip,21,20250901,0
Trip,PK_Trip,22,20251001,0
Trip,PK_Trip,23,20251101,0
Trip,PK_Trip,24,20251201,0
Trip,PK_Trip,25,20260101,0
Trip,PK_Trip,26,20260201,0
Trip,PK_Trip,27,20260301,0
Trip,PK_Trip,28,20260401,0
Trip,PK_Trip,29,20260501,0
Trip,PK_Trip,30,20260601,0
Trip,PK_Trip,31,20260701,0
Trip,PK_Trip,32,20260801,0
Trip,PK_Trip,33,20260901,0
Trip,PK_Trip,34,20261001,0
Trip,PK_Trip,35,20261101,0
Trip,PK_Trip,36,20261201,0
Trip,PK_Trip,37,20270101,0
Trip,PK_Trip,38,20270201,0
Trip,PK_Trip,39,20270301,0
Trip,PK_Trip,40,20270401,0
Trip,PK_Trip,41,20270501,0
Trip,PK_Trip,42,20270601,0
Trip,PK_Trip,43,20270701,0
Trip,PK_Trip,44,20270801,0
Trip,PK_Trip,45,20270901,0
Trip,PK_Trip,46,20271001,0
Trip,PK_Trip,47,20271101,0
Trip,PK_Trip,48,20271201,0
Trip,PK_Trip,49,20280101,0
Trip,PK_Trip,50,20280201,0
Trip,PK_Trip,51,20280301,0
Trip,PK_Trip,52,20280401,0
Trip,PK_Trip,53,20280501,0
Trip,PK_Trip,54,20280601,0
Trip,PK_Trip,55,20280701,0
Trip,PK_Trip,56,20280801,0
Trip,PK_Trip,57,20280901,0
Trip,PK_Trip,58,20281001,0
Trip,PK_Trip,59,20281101,0
Trip,PK_Trip,60,20281201,0
Trip,PK_Trip,61,20290101,0
Trip,PK_Trip,62,20290201,0
Trip,PK_Trip,63,20290301,0
Trip,PK_Trip,64,20290401,0
Trip,PK_Trip,65,20290501,0
Trip,PK_Trip,66,20290601,0
Trip,PK_Trip,67,20290701,0
Trip,PK_Trip,68,20290801,0
Trip,PK_Trip,69,20290901,0
Trip,PK_Trip,70,20291001,0
Trip,PK_Trip,71,20291101,0
Trip,PK_Trip,72,20291201,0
VehicleRealTimeLog,PK_VehicleRealTimeLog,1,NULL,0
VehicleRealTimeLog,PK_VehicleRealTimeLog,2,20240201,0
VehicleRealTimeLog,PK_VehicleRealTimeLog,3,20240301,0
VehicleRealTimeLog,PK_VehicleRealTimeLog,4,20240401,0
VehicleRealTimeLog,PK_VehicleRealTimeLog,5,20240501,0
VehicleRealTimeLog,PK_VehicleRealTimeLog,6,20240601,0
VehicleRealTimeLog,PK_VehicleRealTimeLog,7,20240701,0
VehicleRealTimeLog,PK_VehicleRealTimeLog,8,20240801,0
VehicleRealTimeLog,PK_VehicleRealTimeLog,9,20240901,0
VehicleRealTimeLog,PK_VehicleRealTimeLog,10,20241001,0
VehicleRealTimeLog,PK_VehicleRealTimeLog,11,20241101,0
VehicleRealTimeLog,PK_VehicleRealTimeLog,12,20241201,0
VehicleRealTimeLog,PK_VehicleRealTimeLog,13,20250101,0
VehicleRealTimeLog,PK_VehicleRealTimeLog,14,20250201,0
VehicleRealTimeLog,PK_VehicleRealTimeLog,15,20250301,0
VehicleRealTimeLog,PK_VehicleRealTimeLog,16,20250401,0
VehicleRealTimeLog,PK_VehicleRealTimeLog,17,20250501,0
VehicleRealTimeLog,PK_VehicleRealTimeLog,18,20250601,0
VehicleRealTimeLog,PK_VehicleRealTimeLog,19,20250701,0
VehicleRealTimeLog,PK_VehicleRealTimeLog,20,20250801,0
VehicleRealTimeLog,PK_VehicleRealTimeLog,21,20250901,0
VehicleRealTimeLog,PK_VehicleRealTimeLog,22,20251001,0
VehicleRealTimeLog,PK_VehicleRealTimeLog,23,20251101,0
VehicleRealTimeLog,PK_VehicleRealTimeLog,24,20251201,0
VehicleRealTimeLog,PK_VehicleRealTimeLog,25,20260101,0
VehicleRealTimeLog,PK_VehicleRealTimeLog,26,20260201,0
VehicleRealTimeLog,PK_VehicleRealTimeLog,27,20260301,0
VehicleRealTimeLog,PK_VehicleRealTimeLog,28,20260401,0
VehicleRealTimeLog,PK_VehicleRealTimeLog,29,20260501,0
VehicleRealTimeLog,PK_VehicleRealTimeLog,30,20260601,0
VehicleRealTimeLog,PK_VehicleRealTimeLog,31,20260701,0
VehicleRealTimeLog,PK_VehicleRealTimeLog,32,20260801,0
VehicleRealTimeLog,PK_VehicleRealTimeLog,33,20260901,0
VehicleRealTimeLog,PK_VehicleRealTimeLog,34,20261001,0
VehicleRealTimeLog,PK_VehicleRealTimeLog,35,20261101,0
VehicleRealTimeLog,PK_VehicleRealTimeLog,36,20261201,0
VehicleRealTimeLog,PK_VehicleRealTimeLog,37,20270101,0
VehicleRealTimeLog,PK_VehicleRealTimeLog,38,20270201,0
VehicleRealTimeLog,PK_VehicleRealTimeLog,39,20270301,0
VehicleRealTimeLog,PK_VehicleRealTimeLog,40,20270401,0
VehicleRealTimeLog,PK_VehicleRealTimeLog,41,20270501,0
VehicleRealTimeLog,PK_VehicleRealTimeLog,42,20270601,0
VehicleRealTimeLog,PK_VehicleRealTimeLog,43,20270701,0
VehicleRealTimeLog,PK_VehicleRealTimeLog,44,20270801,0
VehicleRealTimeLog,PK_VehicleRealTimeLog,45,20270901,0
VehicleRealTimeLog,PK_VehicleRealTimeLog,46,20271001,0
VehicleRealTimeLog,PK_VehicleRealTimeLog,47,20271101,0
VehicleRealTimeLog,PK_VehicleRealTimeLog,48,20271201,0
VehicleRealTimeLog,PK_VehicleRealTimeLog,49,20280101,0
VehicleRealTimeLog,PK_VehicleRealTimeLog,50,20280201,0
VehicleRealTimeLog,PK_VehicleRealTimeLog,51,20280301,0
VehicleRealTimeLog,PK_VehicleRealTimeLog,52,20280401,0
VehicleRealTimeLog,PK_VehicleRealTimeLog,53,20280501,0
VehicleRealTimeLog,PK_VehicleRealTimeLog,54,20280601,0
VehicleRealTimeLog,PK_VehicleRealTimeLog,55,20280701,0
VehicleRealTimeLog,PK_VehicleRealTimeLog,56,20280801,0
VehicleRealTimeLog,PK_VehicleRealTimeLog,57,20280901,0
VehicleRealTimeLog,PK_VehicleRealTimeLog,58,20281001,0
VehicleRealTimeLog,PK_VehicleRealTimeLog,59,20281101,0
VehicleRealTimeLog,PK_VehicleRealTimeLog,60,20281201,0
VehicleRealTimeLog,PK_VehicleRealTimeLog,61,20290101,0
VehicleRealTimeLog,PK_VehicleRealTimeLog,62,20290201,0
VehicleRealTimeLog,PK_VehicleRealTimeLog,63,20290301,0
VehicleRealTimeLog,PK_VehicleRealTimeLog,64,20290401,0
VehicleRealTimeLog,PK_VehicleRealTimeLog,65,20290501,0
VehicleRealTimeLog,PK_VehicleRealTimeLog,66,20290601,0
VehicleRealTimeLog,PK_VehicleRealTimeLog,67,20290701,0
VehicleRealTimeLog,PK_VehicleRealTimeLog,68,20290801,0
VehicleRealTimeLog,PK_VehicleRealTimeLog,69,20290901,0
VehicleRealTimeLog,PK_VehicleRealTimeLog,70,20291001,0
VehicleRealTimeLog,PK_VehicleRealTimeLog,71,20291101,0
VehicleRealTimeLog,PK_VehicleRealTimeLog,72,20291201,0
VehicleRun,PK__VehicleR__7D3D901BE3C6298C,1,NULL,0
VehicleStopLog,PK_VehicleStopLog,1,NULL,0
VehicleStopLog,PK_VehicleStopLog,2,20240201,0
VehicleStopLog,PK_VehicleStopLog,3,20240301,0
VehicleStopLog,PK_VehicleStopLog,4,20240401,0
VehicleStopLog,PK_VehicleStopLog,5,20240501,0
VehicleStopLog,PK_VehicleStopLog,6,20240601,0
VehicleStopLog,PK_VehicleStopLog,7,20240701,0
VehicleStopLog,PK_VehicleStopLog,8,20240801,0
VehicleStopLog,PK_VehicleStopLog,9,20240901,0
VehicleStopLog,PK_VehicleStopLog,10,20241001,0
VehicleStopLog,PK_VehicleStopLog,11,20241101,0
VehicleStopLog,PK_VehicleStopLog,12,20241201,0
VehicleStopLog,PK_VehicleStopLog,13,20250101,0
VehicleStopLog,PK_VehicleStopLog,14,20250201,0
VehicleStopLog,PK_VehicleStopLog,15,20250301,0
VehicleStopLog,PK_VehicleStopLog,16,20250401,0
VehicleStopLog,PK_VehicleStopLog,17,20250501,0
VehicleStopLog,PK_VehicleStopLog,18,20250601,0
VehicleStopLog,PK_VehicleStopLog,19,20250701,0
VehicleStopLog,PK_VehicleStopLog,20,20250801,0
VehicleStopLog,PK_VehicleStopLog,21,20250901,0
VehicleStopLog,PK_VehicleStopLog,22,20251001,0
VehicleStopLog,PK_VehicleStopLog,23,20251101,0
VehicleStopLog,PK_VehicleStopLog,24,20251201,0
VehicleStopLog,PK_VehicleStopLog,25,20260101,0
VehicleStopLog,PK_VehicleStopLog,26,20260201,0
VehicleStopLog,PK_VehicleStopLog,27,20260301,0
VehicleStopLog,PK_VehicleStopLog,28,20260401,0
VehicleStopLog,PK_VehicleStopLog,29,20260501,0
VehicleStopLog,PK_VehicleStopLog,30,20260601,0
VehicleStopLog,PK_VehicleStopLog,31,20260701,0
VehicleStopLog,PK_VehicleStopLog,32,20260801,0
VehicleStopLog,PK_VehicleStopLog,33,20260901,0
VehicleStopLog,PK_VehicleStopLog,34,20261001,0
VehicleStopLog,PK_VehicleStopLog,35,20261101,0
VehicleStopLog,PK_VehicleStopLog,36,20261201,0
VehicleStopLog,PK_VehicleStopLog,37,20270101,0
VehicleStopLog,PK_VehicleStopLog,38,20270201,0
VehicleStopLog,PK_VehicleStopLog,39,20270301,0
VehicleStopLog,PK_VehicleStopLog,40,20270401,0
VehicleStopLog,PK_VehicleStopLog,41,20270501,0
VehicleStopLog,PK_VehicleStopLog,42,20270601,0
VehicleStopLog,PK_VehicleStopLog,43,20270701,0
VehicleStopLog,PK_VehicleStopLog,44,20270801,0
VehicleStopLog,PK_VehicleStopLog,45,20270901,0
VehicleStopLog,PK_VehicleStopLog,46,20271001,0
VehicleStopLog,PK_VehicleStopLog,47,20271101,0
VehicleStopLog,PK_VehicleStopLog,48,20271201,0
VehicleStopLog,PK_VehicleStopLog,49,20280101,0
VehicleStopLog,PK_VehicleStopLog,50,20280201,0
VehicleStopLog,PK_VehicleStopLog,51,20280301,0
VehicleStopLog,PK_VehicleStopLog,52,20280401,0
VehicleStopLog,PK_VehicleStopLog,53,20280501,0
VehicleStopLog,PK_VehicleStopLog,54,20280601,0
VehicleStopLog,PK_VehicleStopLog,55,20280701,0
VehicleStopLog,PK_VehicleStopLog,56,20280801,0
VehicleStopLog,PK_VehicleStopLog,57,20280901,0
VehicleStopLog,PK_VehicleStopLog,58,20281001,0
VehicleStopLog,PK_VehicleStopLog,59,20281101,0
VehicleStopLog,PK_VehicleStopLog,60,20281201,0
VehicleStopLog,PK_VehicleStopLog,61,20290101,0
VehicleStopLog,PK_VehicleStopLog,62,20290201,0
VehicleStopLog,PK_VehicleStopLog,63,20290301,0
VehicleStopLog,PK_VehicleStopLog,64,20290401,0
VehicleStopLog,PK_VehicleStopLog,65,20290501,0
VehicleStopLog,PK_VehicleStopLog,66,20290601,0
VehicleStopLog,PK_VehicleStopLog,67,20290701,0
VehicleStopLog,PK_VehicleStopLog,68,20290801,0
VehicleStopLog,PK_VehicleStopLog,69,20290901,0
VehicleStopLog,PK_VehicleStopLog,70,20291001,0
VehicleStopLog,PK_VehicleStopLog,71,20291101,0
VehicleStopLog,PK_VehicleStopLog,72,20291201,0
